High_Urban.iso1.Collembola,High_Urban.iso2.Collembola,High_Urban.iso1.Oribatid,High_Urban.iso2.Oribatid,High_Urban.iso1.Mesostigmata,High_Urban.iso2.Mesostigmata,Low_Urban.iso1.Oribatid,Low_Urban.iso2.Oribatid,Low_Urban.iso1.Mesostigmata,Low_Urban.iso2.Mesostigmata,Low_Urban.iso1.Collembola,Low_Urban.iso2.Collembola
0.9709094784406952,0.5062379563950832,0.6300241071842427,-0.47381819046899243,0.5669354380183266,0.3090247626141624,1.6521348045387292,-0.09910669435870412,0.4998446865589003,0.03524748020463273,1.0384056123274439,1.1417096222041863
0.5062379563950832,2.067977927047227,-0.47381819046899243,2.614879365815341,0.3090247626141624,3.017587286566882,-0.09910669435870412,1.8571025784407909,0.03524748020463273,1.9267948619126007,1.1417096222041863,4.404992760919663
